Country,longitude,latitude,Count,Population,BP
United States of America,"-95.712891	",37.09024,724,"331,002,651",2.2
China,104.195397,"	35.86166",626,"1,439,323,776",0.5
India,78.96288,"20.593684	",140,"1,393,409,038",0.2
Germany,"10.451526	","51.165691	",136,"83,783,942",1.7
Russia,105.318756,61.52401,118,"145,934,462",0.9
Hong Kong,"114.109497	",22.396428,71,"7,496,981",9.5
Brazil,-51.92528,"-14.235004	",65,"212,559,417",0.4
Canada,"	-106.346771",56.130366,64,"37,742,154",1.7
United Kingdom,"-3.435973	",55.378051,56,"67,886,011",0.9
Italy,12.56738,41.87194,51,"60,461,826",0.9
Japan,138.252924,36.204824,49,"126,476,461",0.4
Taiwan,120.960515,23.69781,47,"23,816,775",2
Australia,"133.775136	","-25.274398	",44,"25,499,884",1.8
South Korea,127.766922,35.907757,43,"51,269,185",0.9
France,"2.213749	","46.227638	",42,"65,273,511",0.7
Sweden,"18.643501	",60.128161,41,"10,099,265",4.1
Switzerland,8.227512,"46.818188	",40,"8,654,622",4.7
Thailand,100.992541,15.870032,31,"69,799,978",0.5
Spain,"-3.74922	",40.463667,30,"46,754,778",0.7
Singapore,103.819836,1.352083,27,"5,850,342",4.7
Turkey,"35.243322	",38.963745,27,"84,339,067",0.4
Israel,34.851612,"31.046051	",24,"8,655,535",2.8
Indonesia,113.921327,"-0.789275	",21,"273,523,615",0.1
Malaysia,101.975766,4.210484,17,"32,365,999",0.6
Philippines,"121.774017	",12.879721,17,"109,581,078",0.2
Mexico,"-102.552784	","23.634501	",13,"128,932,753",0.2
Austria,14.550072,47.516231,12,"9,006,398",1.4
Netherlands,5.291266,"52.132633	",12,"17,134,872",0.8
Norway,8.468946,"60.472024	",12,"5,421,241",2.3
Denmark,"9.501785	","56.26392	",10,"5,792,202",1.8
Chile,"	-71.542969","-35.675147	",9,"19,116,201",0.5
Czechia,"15.472962	","49.817492	",9,"10,708,981",0.9
Ireland,"-8.24389	",53.41291,9,"4,937,786",1.9
Poland,"19.145136	",51.919438,8,"37,846,611",0.3
Finland,25.748151,"61.92411	",7,"5,540,720",1.3
Ukraine,31.16558,48.379433,7,"43,733,762",0.2
Egypt,30.802498,"26.820553	",6,"102,334,404",0.1
Lebanon,35.862285,33.854721,6,"6,825,445",0.9
Peru,"-75.015152	","-9.189967	",6,"32,971,854",0.2
Vietnam,108.277199,14.058324,6,"97,338,579",0.1
Argentina,-63.616672,-38.416097,5,"45,195,774",0.2
Colombia,-74.297333,"4.570868	",5,"50,882,891",0.1
Cyprus,"33.429859	","35.126413	",5,"1,207,359",4.2
Kazakhstan,66.923684,"48.019573	",5,"18,776,707",0.3
South Africa,22.937506,"-30.559482	",5,"59,308,690",0.1
Greece,21.824312,"39.074208	",4,"10,423,054",0.4
United Arab Emirates,53.847818,23.424076,4,"9,890,402",0.5
Belgium,"	4.469936",50.503887,3,"11,589,623",0.3
Monaco,"7.412841	",43.750298,3,"39,242",76.5
Nigeria,8.675277,9.081999,3,"206,139,589",0.1
Georgia,"43.356892	","42.315407	",2,"3,989,167",0.6
Hungary,19.503304,47.162494,2,"9,660,351",0.3
Iceland,"-19.020835	","64.963051	",2,"341,243",5.9
Morocco,"-7.09262	",31.791702,2,"36,910,560",0.1
New Zealand,174.885971,"-40.900557	",2,"4,822,233",0.5
Portugal,"-8.224454	",39.399872,2,"10,196,709",0.2
Qatar,"51.183884	","25.354826	",2,"2,881,053",0.7
Romania,"24.96676	","45.943161	",2,"19,237,691",0.2
Slovakia,19.699024,48.669026,2,"5,459,642",0.4
Algeria,1.659626,28.033886,1,"43,851,044",0.1
Swaziland,"31.465866	","-26.522503	",1,"1,160,164",0.9
Guernsey,"-2.585278	","49.465691	",1,"63,900",15.7
Liechtenstein,9.555373,47.166,1,"38,128",26.3
Macao,113.543873,22.198745,1,"649,335",1.6
Nepal,84.124008,28.394857,1,"29,136,808",0.1
Oman,55.923255,21.512583,1,"5,106,626",0.2
St. Kitts and Nevis,"-62.782998	","17.357822	",1,"53,199",18.8
Tanzania,34.888822,"-6.369028	",1,"59,734,218",0.1
Venezuela,"-66.58973	",6.42375,1,"28,435,940",0.1
Zimbabwe,29.154857,"-19.015438	",1,"14,862,924",0.1
Afghanistan,,,0,"38,928,346",0
Albania,,,0,"2,877,797",0
American Samoa,,,0,"55,191",0
Andorra,,,0,"77,265",0
Angola,,,0,"32,866,272",0
Anguilla,,,0,"15,003",0
Antigua and Barbuda,,,0,"97,929",0
Armenia,,,0,"2,963,243",0
Aruba,,,0,"106,766",0
Azerbaijan,,,0,"10,139,177",0
Bahamas,,,0,"393,244",0
Bahrain,,,0,"1,701,575",0
Bangladesh,,,0,"164,689,383",0
Barbados,,,0,"287,375",0
Belarus,,,0,"9,449,323",0
Belize,,,0,"397,628",0
Benin,,,0,"12,123,200",0
Bermuda,,,0,"62,278",0
Bhutan,,,0,"771,608",0
Bolivia,,,0,"11,673,021",0
Bosnia and Herzegovina,,,0,"3,280,819",0
Botswana,,,0,"2,351,627",0
British Virgin Islands,,,0,"30,231",0
Brunei,,,0,"437,479",0
Bulgaria,,,0,"6,948,445",0
Burkina Faso,,,0,"20,903,273",0
Burundi,,,0,"11,890,784",0
Cabo Verde,,,0,"555,987",0
Cambodia,,,0,"16,718,965",0
Cameroon,,,0,"26,545,863",0
Caribbean Netherlands,,,0,"26,223",0
Cayman Islands,,,0,"65,722",0
Central African Republic,,,0,"4,829,767",0
Chad,,,0,"16,425,864",0
Channel Islands,,,0,"173,863",0
Comoros,,,0,"869,601",0
Congo,,,0,"5,518,087",0
Cook Islands,,,0,"17,564",0
Costa Rica,,,0,"5,094,118",0
Croatia,,,0,"4,105,267",0
Cuba,,,0,"11,326,616",0
Curacao,,,0,"164,093",0
Cote d'Ivoire,,,0,"26,378,274",0
Djibouti,,,0,"988,000",0
Dominica,,,0,"71,986",0
Dominican Republic,,,0,"10,847,910",0
DR Congo,,,0,"89,561,403",0
Ecuador,,,0,"17,643,054",0
El Salvador,,,0,"6,486,205",0
Equatorial Guinea,,,0,"1,402,985",0
Eritrea,,,0,"3,546,421",0
Estonia,,,0,"1,326,535",0
Eswatini,,,0,"1,160,164",0
Ethiopia,,,0,"114,963,588",0
Faeroe Islands,,,0,"48,863",0
Falkland Islands,,,0,"3,480",0
Fiji,,,0,"896,445",0
French Guiana,,,0,"298,682",0
French Polynesia,,,0,"280,908",0
Gabon,,,0,"2,225,734",0
Gambia,,,0,"2,416,668",0
Ghana,,,0,"31,072,940",0
Gibraltar,,,0,"33,691",0
Greenland,,,0,"56,770",0
Grenada,,,0,"112,523",0
Guadeloupe,,,0,"400,124",0
Guam,,,0,"168,775",0
Guatemala,,,0,"17,915,568",0
Guinea,,,0,"13,132,795",0
Guinea-Bissau,,,0,"1,968,001",0
Guyana,,,0,"786,552",0
Haiti,,,0,"11,402,528",0
Honduras,,,0,"9,904,607",0
Iran,,,0,"83,992,949",0
Iraq,,,0,"40,222,493",0
Isle of Man,,,0,"85,033",0
Jamaica,,,0,"2,961,167",0
Jordan,,,0,"10,203,134",0
Kenya,,,0,"53,771,296",0
Kiribati,,,0,"119,449",0
Kuwait,,,0,"4,270,571",0
Kyrgyzstan,,,0,"6,524,195",0
Laos,,,0,"7,275,560",0
Latvia,,,0,"1,886,198",0
Lesotho,,,0,"2,142,249",0
Liberia,,,0,"5,057,681",0
Libya,,,0,"6,871,292",0
Lithuania,,,0,"2,722,289",0
Luxembourg,,,0,"625,978",0
Madagascar,,,0,"27,691,018",0
Malawi,,,0,"19,129,952",0
Maldives,,,0,"540,544",0
Mali,,,0,"20,250,833",0
Malta,,,0,"441,543",0
Marshall Islands,,,0,"59,190",0
Martinique,,,0,"375,265",0
Mauritania,,,0,"4,649,658",0
Mauritius,,,0,"1,271,768",0
Micronesia,,,0,"548,914",0
Moldova,,,0,"4,033,963",0
Mongolia,,,0,"3,278,290",0
Montenegro,,,0,"628,066",0
Montserrat,,,0,"4,992",0
Mozambique,,,0,"31,255,435",0
Myanmar,,,0,"54,409,800",0
Namibia,,,0,"2,540,905",0
Nauru,,,0,"10,824",0
New Caledonia,,,0,"285,498",0
Nicaragua,,,0,"6,624,554",0
Niger,,,0,"24,206,644",0
North Korea,,,0,"25,778,816",0
North Macedonia,,,0,"2,083,374",0
Northern Mariana Islands,,,0,"57,559",0
Pakistan,,,0,"220,892,340",0
Palau,,,0,"18,094",0
Panama,,,0,"4,314,767",0
Papua New Guinea,,,0,"8,947,024",0
Paraguay,,,0,"7,132,538",0
Puerto Rico,,,0,"2,860,853",0
Rwanda,,,0,"12,952,218",0
Reunion,,,0,"895,312",0
Saint Barthelemy,,,0,"9,877",0
Saint Helena,,,0,"6,077",0
Saint Lucia,,,0,"183,627",0
Saint Martin,,,0,"38,666",0
Saint Pierre & Miquelon,,,0,"5,794",0
Samoa,,,0,"198,414",0
San Marino,,,0,"33,931",0
Saudi Arabia,,,0,"34,813,871",0
Senegal,,,0,"16,743,927",0
Serbia,,,0,"8,737,371",0
Seychelles,,,0,"98,347",0
Sierra Leone,,,0,"7,976,983",0
Sint Maarten,,,0,"42,876",0
Slovenia,,,0,"2,078,938",0
Solomon Islands,,,0,"686,884",0
Somalia,,,0,"15,893,222",0
South Sudan,,,0,"11,193,725",0
Sri Lanka,,,0,"21,413,249",0
State of Palestine,,,0,"5,101,414",0
Sudan,,,0,"43,849,260",0
Syria,,,0,"17,500,658",0
Tajikistan,,,0,"9,537,645",0
Timor-Leste,,,0,"1,318,445",0
Togo,,,0,"8,278,724",0
Tonga,,,0,"105,695",0
Trinidad and Tobago,,,0,"1,399,488",0
Tunisia,,,0,"11,818,619",0
Turkmenistan,,,0,"6,031,200",0
U.S Virgin Islands,,,0,"104,425",0
Uganda,,,0,"45,741,007",0
Uruguay,,,0,"3,473,730",0
Uzbekistan,,,0,"33,469,203",0
Western Sahara,,,0,"597,339",0
Yemen,,,0,"29,825,964",0
Zambia,,,0,"18,383,955",0
